[
{
  "fields": {
    "username": "821014-09-5185",
    "first_name": "",
    "last_name": "",
    "is_active": true,
    "is_superuser": false,
    "is_staff": true,
    "last_login": "2016-03-15T07:03:01.512Z",
    "groups": [],
    "user_permissions": [],
    "password": "pbkdf2_sha256$20000$jxgtDDGF93xS$GHhWo86yb6sF3t9reMT/4HB1uM8oFqji473j80KjuxU=",
    "email": "",
    "date_joined": "2016-02-10T03:24:10.709Z"
  },
  "model": "auth.user",
  "pk": 2
},
{
  "fields": {
    "username": "761022-01-6895",
    "first_name": "",
    "last_name": "",
    "is_active": true,
    "is_superuser": false,
    "is_staff": true,
    "last_login": "2016-03-30T09:23:21.768Z",
    "groups": [],
    "user_permissions": [],
    "password": "pbkdf2_sha256$20000$WlU7tuCtR6BX$J0z9tfdhBm01BG0V+Rsf0iRHtCtwU4NW4dxRi+O7uY4=",
    "email": "",
    "date_joined": "2016-02-10T03:24:10.786Z"
  },
  "model": "auth.user",
  "pk": 3
},
{
  "fields": {
    "username": "900115-08-6240",
    "first_name": "",
    "last_name": "",
    "is_active": true,
    "is_superuser": false,
    "is_staff": true,
    "last_login": "2016-03-09T23:24:25.050Z",
    "groups": [],
    "user_permissions": [],
    "password": "pbkdf2_sha256$20000$oxvEgRuuzP1F$rpwyL+axR13BrxvPPTz7ISXulH9qCiMD8CHBsyR6KOE=",
    "email": "",
    "date_joined": "2016-02-10T03:24:10.832Z"
  },
  "model": "auth.user",
  "pk": 4
},
{
  "fields": {
    "username": "880423-10-5110",
    "first_name": "",
    "last_name": "",
    "is_active": true,
    "is_superuser": false,
    "is_staff": true,
    "last_login": "2016-03-30T08:53:48.076Z",
    "groups": [],
    "user_permissions": [],
    "password": "pbkdf2_sha256$20000$KXKnIX58pkbw$m9Abu5xr3/Tx6mksDISbPfbg471QSeJzG/v2xyN69LE=",
    "email": "",
    "date_joined": "2016-02-10T03:24:10.872Z"
  },
  "model": "auth.user",
  "pk": 5
},
{
  "fields": {
    "username": "861228-29-5912",
    "first_name": "",
    "last_name": "",
    "is_active": true,
    "is_superuser": false,
    "is_staff": true,
    "last_login": null,
    "groups": [],
    "user_permissions": [],
    "password": "pbkdf2_sha256$20000$SlsEwemmLfxJ$De7RBhKhKqMfgZ4u5+HmjiDzLMtP9JzD6RPPT9M0HSc=",
    "email": "",
    "date_joined": "2016-02-10T03:24:10.916Z"
  },
  "model": "auth.user",
  "pk": 6
},
{
  "fields": {
    "username": "551212-10-6175",
    "first_name": "",
    "last_name": "",
    "is_active": true,
    "is_superuser": false,
    "is_staff": true,
    "last_login": "2016-04-13T04:55:37.951Z",
    "groups": [],
    "user_permissions": [],
    "password": "pbkdf2_sha256$20000$mTNcv9DVVNZK$ovuP6M1vWuoD7eq521k9QLg8F0FCe7V6gG+B1xTh9GM=",
    "email": "",
    "date_joined": "2016-02-10T03:24:10.952Z"
  },
  "model": "auth.user",
  "pk": 7
},
{
  "fields": {
    "username": "560114-04-5158",
    "first_name": "",
    "last_name": "",
    "is_active": true,
    "is_superuser": false,
    "is_staff": true,
    "last_login": "2016-03-18T09:03:21.413Z",
    "groups": [],
    "user_permissions": [],
    "password": "pbkdf2_sha256$20000$AQ96CRb88EJT$goeSEfJ4CGFwCagvOGIYOJPls0p9JVDViMyjia0VkcM=",
    "email": "",
    "date_joined": "2016-02-10T03:24:10.985Z"
  },
  "model": "auth.user",
  "pk": 8
},
{
  "fields": {
    "username": "551014-03-5628",
    "first_name": "",
    "last_name": "",
    "is_active": true,
    "is_superuser": false,
    "is_staff": true,
    "last_login": "2016-03-31T03:56:09.990Z",
    "groups": [],
    "user_permissions": [],
    "password": "pbkdf2_sha256$20000$yrytooW8y1uP$7oTA49C9ah6Cp4UO+PCGyqpv/rRELX74FDX0hnfqVSI=",
    "email": "",
    "date_joined": "2016-02-10T03:24:11.021Z"
  },
  "model": "auth.user",
  "pk": 9
},
{
  "fields": {
    "username": "601206-12-5305",
    "first_name": "",
    "last_name": "",
    "is_active": true,
    "is_superuser": false,
    "is_staff": true,
    "last_login": "2016-03-18T09:01:56.642Z",
    "groups": [],
    "user_permissions": [],
    "password": "pbkdf2_sha256$20000$GjaymC2WovZo$dJB0FcQOKrL4gsqONWy8QD7o4vcMtY72U2UbV19KASY=",
    "email": "",
    "date_joined": "2016-02-10T03:24:11.054Z"
  },
  "model": "auth.user",
  "pk": 10
},
{
  "fields": {
    "username": "560921-08-6028",
    "first_name": "",
    "last_name": "",
    "is_active": true,
    "is_superuser": false,
    "is_staff": true,
    "last_login": "2016-03-31T03:55:54.870Z",
    "groups": [],
    "user_permissions": [],
    "password": "pbkdf2_sha256$20000$IGtHPEjKIxCN$iO+81LKjMZaw+u0mrEz+UAZqb+Y/XSuu+Oma9pvDE8k=",
    "email": "",
    "date_joined": "2016-02-10T03:24:11.086Z"
  },
  "model": "auth.user",
  "pk": 11
},
{
  "fields": {
    "username": "implementer",
    "first_name": "",
    "last_name": "",
    "is_active": true,
    "is_superuser": false,
    "is_staff": false,
    "last_login": null,
    "groups": [],
    "user_permissions": [],
    "password": "pbkdf2_sha256$20000$lOjDykvPb1ra$hVB+JABPbdorfJ9QJgo+kl6jUy2J4J8Jh3Nf8KX/SZw=",
    "email": "",
    "date_joined": "2016-03-30T03:45:48.878Z"
  },
  "model": "auth.user",
  "pk": 15
}
]
