[
{
  "fields": {
    "status": "S",
    "grand_total": "0.00",
    "claim_no": "O000001",
    "created": "2016-03-02T03:25:55.052Z",
    "modified": "2016-03-02T03:25:55.116Z",
    "created_by": null,
    "net_total": "0.00"
  },
  "model": "miscellaneous.miscellaneousclaim",
  "pk": 1
},
{
  "fields": {
    "status": "S",
    "grand_total": "0.00",
    "claim_no": "O000002",
    "created": "2016-03-02T03:30:24.463Z",
    "modified": "2016-03-02T03:30:24.484Z",
    "created_by": null,
    "net_total": "0.00"
  },
  "model": "miscellaneous.miscellaneousclaim",
  "pk": 2
},
{
  "fields": {
    "status": "S",
    "grand_total": "0.00",
    "claim_no": "O000003",
    "created": "2016-03-02T03:32:23.273Z",
    "modified": "2016-03-02T03:32:23.277Z",
    "created_by": null,
    "net_total": "0.00"
  },
  "model": "miscellaneous.miscellaneousclaim",
  "pk": 3
},
{
  "fields": {
    "status": "S",
    "grand_total": "0.00",
    "claim_no": "O000004",
    "created": "2016-03-02T03:36:42.189Z",
    "modified": "2016-03-02T03:36:42.210Z",
    "created_by": null,
    "net_total": "0.00"
  },
  "model": "miscellaneous.miscellaneousclaim",
  "pk": 4
},
{
  "fields": {
    "status": "S",
    "grand_total": "0.00",
    "claim_no": "O000005",
    "created": "2016-03-02T03:37:31.923Z",
    "modified": "2016-03-02T03:37:31.927Z",
    "created_by": null,
    "net_total": "0.00"
  },
  "model": "miscellaneous.miscellaneousclaim",
  "pk": 5
},
{
  "fields": {
    "status": "S",
    "grand_total": "0.00",
    "claim_no": "O000006",
    "created": "2016-03-02T10:42:44.917Z",
    "modified": "2016-03-02T10:42:45.104Z",
    "created_by": null,
    "net_total": "0.00"
  },
  "model": "miscellaneous.miscellaneousclaim",
  "pk": 6
},
{
  "fields": {
    "status": "S",
    "grand_total": "0.00",
    "claim_no": "O000007",
    "created": "2016-03-15T07:55:11.406Z",
    "modified": "2016-03-15T07:55:11.674Z",
    "created_by": null,
    "net_total": "0.00"
  },
  "model": "miscellaneous.miscellaneousclaim",
  "pk": 7
},
{
  "fields": {
    "status": "S",
    "grand_total": "0.00",
    "claim_no": "O000008",
    "created": "2016-03-15T07:56:18.920Z",
    "modified": "2016-03-15T07:56:18.989Z",
    "created_by": null,
    "net_total": "0.00"
  },
  "model": "miscellaneous.miscellaneousclaim",
  "pk": 8
},
{
  "fields": {
    "status": "S",
    "grand_total": "0.00",
    "claim_no": "O000009",
    "created": "2016-03-15T07:59:13.330Z",
    "modified": "2016-03-15T07:59:13.383Z",
    "created_by": null,
    "net_total": "0.00"
  },
  "model": "miscellaneous.miscellaneousclaim",
  "pk": 9
},
{
  "fields": {
    "status": "S",
    "grand_total": "0.00",
    "claim_no": "O000010",
    "created": "2016-03-15T08:00:31.790Z",
    "modified": "2016-03-15T08:00:31.794Z",
    "created_by": null,
    "net_total": "0.00"
  },
  "model": "miscellaneous.miscellaneousclaim",
  "pk": 10
},
{
  "fields": {
    "status": "S",
    "grand_total": "0.00",
    "claim_no": "O000011",
    "created": "2016-03-15T08:01:57.478Z",
    "modified": "2016-03-15T08:01:57.497Z",
    "created_by": null,
    "net_total": "0.00"
  },
  "model": "miscellaneous.miscellaneousclaim",
  "pk": 11
},
{
  "fields": {
    "status": "S",
    "grand_total": "560.00",
    "claim_no": "O000012-00",
    "created": "2016-04-13T07:54:00.627Z",
    "modified": "2016-04-13T07:54:00.940Z",
    "created_by": null,
    "net_total": "560.00"
  },
  "model": "miscellaneous.miscellaneousclaim",
  "pk": 12
}
]
