[
{
  "fields": {
    "grade_prefix": "",
    "salary_scheme": null,
    "address3": "",
    "name": "Implementer",
    "salary_group": null,
    "address1": "",
    "address2": "",
    "married": false,
    "address4": "",
    "company_levels": [],
    "bank_info": null,
    "user": [
      "implementer"
    ],
    "position": null,
    "is_admin": true,
    "grade_level_category": null,
    "ic": "",
    "resigned": false,
    "email": "",
    "basic_salary": "0.00"
  },
  "model": "masterfiles.claimant",
  "pk": ""
},
{
  "fields": {
    "grade_prefix": "12",
    "salary_scheme": null,
    "address3": "68000 AMPANG SELANGOR",
    "name": "Tan Sri Dr. Mohd Shukor Bin Hj. Mahfar",
    "salary_group": "PPK",
    "address1": "45 JLN 4/3",
    "address2": "KG TASIK TAMBAHAN",
    "married": true,
    "address4": "",
    "company_levels": [
      "CNS",
      "CNSH22",
      "IT"
    ],
    "bank_info": "CIBBMYKL",
    "user": [
      "551212-10-6175"
    ],
    "position": "JUSA CM",
    "is_admin": true,
    "grade_level_category": "12",
    "ic": "551212-10-6175",
    "resigned": false,
    "email": "mohdshukor@hasil.gov.my",
    "basic_salary": "41919.00"
  },
  "model": "masterfiles.claimant",
  "pk": "00901991"
},
{
  "fields": {
    "grade_prefix": "21",
    "salary_scheme": null,
    "address3": "43200 SELANGOR.",
    "name": "Mariam Binti Mohd",
    "salary_group": "SOK",
    "address1": "NO 2 JALAN PERMATA HIJAU,",
    "address2": "TAMAN CHERAS PERMATA BATU 9,",
    "married": true,
    "address4": "",
    "company_levels": [
      "CNS",
      "CNSH22",
      "MKT"
    ],
    "bank_info": "BIMBMYKL",
    "user": [
      "560114-04-5158"
    ],
    "position": "3106",
    "is_admin": true,
    "grade_level_category": "21",
    "ic": "560114-04-5158",
    "resigned": false,
    "email": "mariam@hasil.gov.my",
    "basic_salary": "28867.00"
  },
  "model": "masterfiles.claimant",
  "pk": "01117514"
},
{
  "fields": {
    "grade_prefix": "14",
    "salary_scheme": null,
    "address3": "WP",
    "name": "Dato' Dr. Siti Mariam Binti Che Ayub",
    "salary_group": "S",
    "address1": "NO 9 JALAN MAKTAB",
    "address2": "54000 KUALA LUMPUR",
    "married": false,
    "address4": "",
    "company_levels": [
      "CNS",
      "CNSH22",
      "IT"
    ],
    "bank_info": "MBBEMYKL",
    "user": [
      "551014-03-5628"
    ],
    "position": "JUSA B",
    "is_admin": true,
    "grade_level_category": "14",
    "ic": "551014-03-5628",
    "resigned": false,
    "email": "sitimariam@hasil.gov.my",
    "basic_salary": "35805.00"
  },
  "model": "masterfiles.claimant",
  "pk": "03652682"
},
{
  "fields": {
    "grade_prefix": "22",
    "salary_scheme": null,
    "address3": "53100 KUALA LUMPUR",
    "name": "Latifah Binti Zabidi",
    "salary_group": "PPK",
    "address1": "38 JLN TAMAN MELATI 4",
    "address2": "TAMAN MELATI SETAPAK",
    "married": true,
    "address4": "",
    "company_levels": [
      "CNS",
      "CNSH22",
      "IT"
    ],
    "bank_info": "CIBBMYKL",
    "user": [
      "560921-08-6028"
    ],
    "position": "TURUS 3",
    "is_admin": true,
    "grade_level_category": "22",
    "ic": "560921-08-6028",
    "resigned": false,
    "email": "latifah@hasil.gov.my",
    "basic_salary": "21663.00"
  },
  "model": "masterfiles.claimant",
  "pk": "04054391"
},
{
  "fields": {
    "grade_prefix": "",
    "salary_scheme": null,
    "address3": "47810 PETALING JAYA, SELANGOR.",
    "name": "Datuk Sabin @ Sapilin Bin Samitah",
    "salary_group": null,
    "address1": "NO. 20, JALAN CAMAR 4/12,",
    "address2": "D'SHIRE 61, KOTA DAMANSARA,",
    "married": true,
    "address4": "",
    "company_levels": [],
    "bank_info": "CIBBMYKL",
    "user": [
      "601206-12-5305"
    ],
    "position": null,
    "is_admin": true,
    "grade_level_category": null,
    "ic": "601206-12-5305",
    "resigned": false,
    "email": "sabin@hasil.gov.my",
    "basic_salary": "31846.00"
  },
  "model": "masterfiles.claimant",
  "pk": "04737219"
},
{
  "fields": {
    "grade_prefix": "41",
    "salary_scheme": null,
    "address3": "47830 PETALING JAYA, SELANGOR",
    "name": "Azri Nazmi Bin Abu Bakar",
    "salary_group": "PPK",
    "address1": "A405, APT SAUJANA",
    "address2": "JLN PJU 10/1C, DAMANSARA DAMAI",
    "married": false,
    "address4": "",
    "company_levels": [
      "CNS",
      "CNSH22",
      "MKT"
    ],
    "bank_info": "CIBBMYKL",
    "user": [
      "821014-09-5185"
    ],
    "position": "4106",
    "is_admin": true,
    "grade_level_category": "41",
    "ic": "821014-09-5185",
    "resigned": false,
    "email": "azrinazmi@hasil.gov.my",
    "basic_salary": "4582.00"
  },
  "model": "masterfiles.claimant",
  "pk": "A0002803"
},
{
  "fields": {
    "grade_prefix": "41",
    "salary_scheme": null,
    "address3": "71800 NILAI, NEGERI SEMBILAN",
    "name": "Razali Bin Bachok",
    "salary_group": null,
    "address1": "135 JALAN NSH 7",
    "address2": "NILAI SPRINGS HEIGHTS",
    "married": true,
    "address4": "",
    "company_levels": [],
    "bank_info": "PBBEMYKL",
    "user": [
      "761022-01-6895"
    ],
    "position": "4106",
    "is_admin": true,
    "grade_level_category": "41",
    "ic": "761022-01-6895",
    "resigned": false,
    "email": "razali_bachok@hasil.gov.my",
    "basic_salary": "8048.00"
  },
  "model": "masterfiles.claimant",
  "pk": "A0002998"
},
{
  "fields": {
    "grade_prefix": "21",
    "salary_scheme": null,
    "address3": "47830 PETALING JAYA",
    "name": "Sofiyah Binti Baharom",
    "salary_group": null,
    "address1": "BLOK N-303, APART. IDAMAN",
    "address2": "DAMANSARA DAMAI",
    "married": false,
    "address4": "",
    "company_levels": [],
    "bank_info": "MBBEMYKL",
    "user": [
      "880423-10-5110"
    ],
    "position": "2106",
    "is_admin": true,
    "grade_level_category": "21",
    "ic": "880423-10-5110",
    "resigned": false,
    "email": "sofiyah@hasil.gov.my",
    "basic_salary": "2450.00"
  },
  "model": "masterfiles.claimant",
  "pk": "A0005431"
},
{
  "fields": {
    "grade_prefix": "41",
    "salary_scheme": null,
    "address3": "PUTRAJAYA",
    "name": "Maisarah Binti Mohd Shari",
    "salary_group": null,
    "address1": "AT-02-U10 PANGSAPURI PUTRA",
    "address2": "DAMAI PRESINT 11 62300",
    "married": true,
    "address4": "",
    "company_levels": [],
    "bank_info": "CIBBMYKL",
    "user": [
      "900115-08-6240"
    ],
    "position": "4106",
    "is_admin": true,
    "grade_level_category": "41",
    "ic": "900115-08-6240",
    "resigned": false,
    "email": "maisarah.m@hasil.gov.my",
    "basic_salary": "4093.00"
  },
  "model": "masterfiles.claimant",
  "pk": "A0006853"
},
{
  "fields": {
    "grade_prefix": "31",
    "salary_scheme": null,
    "address3": "47100 PUCHONG, SELANGOR",
    "name": "Siti Aishah Binti Mat Nawi",
    "salary_group": null,
    "address1": "BLOK F-6-12, APART. SEROJA",
    "address2": "TAMAN PUTRA PERDANA111",
    "married": true,
    "address4": "",
    "company_levels": [],
    "bank_info": "MBBEMYKL",
    "user": [
      "861228-29-5912"
    ],
    "position": "3106",
    "is_admin": true,
    "grade_level_category": "31",
    "ic": "861228-29-5912",
    "resigned": false,
    "email": "sitiaishah.mat@hasil.gov.my",
    "basic_salary": "2711.00"
  },
  "model": "masterfiles.claimant",
  "pk": "A0007031"
}
]
