[
{
  "fields": {
    "bank_name": "BIMBMYKL",
    "ihrms_code": "",
    "saga_code": ""
  },
  "model": "masterfiles.claimantbankinfo",
  "pk": "BIMBMYKL"
},
{
  "fields": {
    "bank_name": "CIBBMYKL",
    "ihrms_code": "",
    "saga_code": ""
  },
  "model": "masterfiles.claimantbankinfo",
  "pk": "CIBBMYKL"
},
{
  "fields": {
    "bank_name": "MBBEMYKL",
    "ihrms_code": "",
    "saga_code": ""
  },
  "model": "masterfiles.claimantbankinfo",
  "pk": "MBBEMYKL"
},
{
  "fields": {
    "bank_name": "PBBEMYKL",
    "ihrms_code": "",
    "saga_code": ""
  },
  "model": "masterfiles.claimantbankinfo",
  "pk": "PBBEMYKL"
}
]
