[
{
  "fields": {
    "grade_prefix": "31",
    "salary_scheme": null,
    "address3": "47100 PUCHONG, SELANGOR",
    "name": "Siti Aishah Binti Mat Nawi",
    "salary_group": null,
    "address1": "BLOK F-6-12, APART. SEROJA",
    "address2": "TAMAN PUTRA PERDANA111",
    "married": true,
    "address4": "",
    "company_levels": [
      "M",
      "D03",
      "FIN"
    ],
    "bank_info": null,
    "user": [
      "861228-29-5912"
    ],
    "position": null,
    "is_admin": true,
    "grade_level_category": null,
    "ic": "861228-29-5912",
    "resigned": false,
    "email": "sitiaishah.mat@hasil.gov.my",
    "basic_salary": "2711.00"
  },
  "model": "masterfiles.claimant",
  "pk": "A0007031"
}
]