[
{
  "fields": {
    "level": 2,
    "parent": "M",
    "title": "MIDA ALOR SETAR"
  },
  "model": "masterfiles.companylevel",
  "pk": "D03"
},
{
  "fields": {
    "level": 3,
    "parent": "H00",
    "title": "FINANCE"
  },
  "model": "masterfiles.companylevel",
  "pk": "FIN"
},
{
  "fields": {
    "level": 2,
    "parent": "M",
    "title": "IBU PEJABAT"
  },
  "model": "masterfiles.companylevel",
  "pk": "H00"
},
{
  "fields": {
    "level": 3,
    "parent": "H00",
    "title": "IT DEPARTMENT"
  },
  "model": "masterfiles.companylevel",
  "pk": "IT"
},
{
  "fields": {
    "level": 2,
    "parent": "M",
    "title": "MIDA FRANKFURT"
  },
  "model": "masterfiles.companylevel",
  "pk": "L11"
},
{
  "fields": {
    "level": 1,
    "parent": null,
    "title": "MIDA"
  },
  "model": "masterfiles.companylevel",
  "pk": "M"
}
]
