[
{
    "fields": {
        "mileage_claim_range": 2,
        "rate": "0.65",
        "mileage_claim_class": 1
    },
    "model": "masterfiles.mileageclaimrate",
    "pk": 1
},
{
    "fields": {
        "mileage_claim_range": 3,
        "rate": "0.55",
        "mileage_claim_class": 1
    },
    "model": "masterfiles.mileageclaimrate",
    "pk": 2
},
{
    "fields": {
        "mileage_claim_range": 1,
        "rate": "0.70",
        "mileage_claim_class": 1
    },
    "model": "masterfiles.mileageclaimrate",
    "pk": 3
},
{
    "fields": {
        "mileage_claim_range": 4,
        "rate": "0.50",
        "mileage_claim_class": 1
    },
    "model": "masterfiles.mileageclaimrate",
    "pk": 4
},
{
    "fields": {
        "mileage_claim_range": 1,
        "rate": "0.60",
        "mileage_claim_class": 2
    },
    "model": "masterfiles.mileageclaimrate",
    "pk": 5
},
{
    "fields": {
        "mileage_claim_range": 2,
        "rate": "0.55",
        "mileage_claim_class": 2
    },
    "model": "masterfiles.mileageclaimrate",
    "pk": 6
},
{
    "fields": {
        "mileage_claim_range": 3,
        "rate": "0.50",
        "mileage_claim_class": 2
    },
    "model": "masterfiles.mileageclaimrate",
    "pk": 7
},
{
    "fields": {
        "mileage_claim_range": 4,
        "rate": "0.45",
        "mileage_claim_class": 2
    },
    "model": "masterfiles.mileageclaimrate",
    "pk": 8
},
{
    "fields": {
        "mileage_claim_range": 1,
        "rate": "0.60",
        "mileage_claim_class": 3
    },
    "model": "masterfiles.mileageclaimrate",
    "pk": 9
},
{
    "fields": {
        "mileage_claim_range": 2,
        "rate": "0.50",
        "mileage_claim_class": 3
    },
    "model": "masterfiles.mileageclaimrate",
    "pk": 10
},
{
    "fields": {
        "mileage_claim_range": 3,
        "rate": "0.45",
        "mileage_claim_class": 3
    },
    "model": "masterfiles.mileageclaimrate",
    "pk": 11
},
{
    "fields": {
        "mileage_claim_range": 4,
        "rate": "0.40",
        "mileage_claim_class": 3
    },
    "model": "masterfiles.mileageclaimrate",
    "pk": 12
},
{
    "fields": {
        "mileage_claim_range": 2,
        "rate": "0.40",
        "mileage_claim_class": 4
    },
    "model": "masterfiles.mileageclaimrate",
    "pk": 13
},
{
    "fields": {
        "mileage_claim_range": 1,
        "rate": "0.45",
        "mileage_claim_class": 4
    },
    "model": "masterfiles.mileageclaimrate",
    "pk": 14
},
{
    "fields": {
        "mileage_claim_range": 3,
        "rate": "0.35",
        "mileage_claim_class": 4
    },
    "model": "masterfiles.mileageclaimrate",
    "pk": 15
},
{
    "fields": {
        "mileage_claim_range": 4,
        "rate": "0.30",
        "mileage_claim_class": 4
    },
    "model": "masterfiles.mileageclaimrate",
    "pk": 16
},
{
    "fields": {
        "mileage_claim_range": 1,
        "rate": "0.40",
        "mileage_claim_class": 5
    },
    "model": "masterfiles.mileageclaimrate",
    "pk": 17
},
{
    "fields": {
        "mileage_claim_range": 2,
        "rate": "0.35",
        "mileage_claim_class": 5
    },
    "model": "masterfiles.mileageclaimrate",
    "pk": 18
},
{
    "fields": {
        "mileage_claim_range": 3,
        "rate": "0.30",
        "mileage_claim_class": 5
    },
    "model": "masterfiles.mileageclaimrate",
    "pk": 19
},
{
    "fields": {
        "mileage_claim_range": 4,
        "rate": "0.25",
        "mileage_claim_class": 5
    },
    "model": "masterfiles.mileageclaimrate",
    "pk": 20
}
]
