[
{
  "fields": {
    "salary_from": "2625.45",
    "salary_to": "21000.00",
    "cc_from": "1400.00",
    "cc_to": "5000.00",
    "mileage_class_name": "A"
  },
  "model": "masterfiles.mileageclaimclass",
  "pk": 1
},
{
  "fields": {
    "salary_from": "2333.00",
    "salary_to": "2625.44",
    "cc_from": "1000.00",
    "cc_to": "1399.00",
    "mileage_class_name": "B"
  },
  "model": "masterfiles.mileageclaimclass",
  "pk": 2
},
{
  "fields": {
    "salary_from": "1820.75",
    "salary_to": "2329.99",
    "cc_from": "650.00",
    "cc_to": "999.99",
    "mileage_class_name": "C"
  },
  "model": "masterfiles.mileageclaimclass",
  "pk": 3
},
{
  "fields": {
    "salary_from": "1.00",
    "salary_to": "1820.74",
    "cc_from": "175.00",
    "cc_to": "649.99",
    "mileage_class_name": "D"
  },
  "model": "masterfiles.mileageclaimclass",
  "pk": 4
},
{
  "fields": {
    "salary_from": "0.00",
    "salary_to": "1820.74",
    "cc_from": "1.00",
    "cc_to": "174.99",
    "mileage_class_name": "E"
  },
  "model": "masterfiles.mileageclaimclass",
  "pk": 5
}
]

