[
{
    "fields": {
        "distance_max": 500,
        "distance_min": 0
    },
    "model": "masterfiles.mileageclaimrange",
    "pk": 1
},
{
    "fields": {
        "distance_max": 1000,
        "distance_min": 501
    },
    "model": "masterfiles.mileageclaimrange",
    "pk": 2
},
{
    "fields": {
        "distance_max": 1700,
        "distance_min": 1001
    },
    "model": "masterfiles.mileageclaimrange",
    "pk": 3
},
{
    "fields": {
        "distance_max": 9999,
        "distance_min": 1701
    },
    "model": "masterfiles.mileageclaimrange",
    "pk": 4
}
]
