[
{
  "fields": {
    "description": "PEMB. TADBIR (PERAKAUNAN)"
  },
  "model": "masterfiles.position",
  "pk": "2106"
},
{
  "fields": {
    "description": "PEN. PEG. EKS (PERAKAUNAN)"
  },
  "model": "masterfiles.position",
  "pk": "3106"
},
{
  "fields": {
    "description": "PEG. EKS (PERAKAUNAN)"
  },
  "model": "masterfiles.position",
  "pk": "4106"
},
{
  "fields": {
    "description": "TIMB. KETUA PEGAWAI EKSEKUTIF"
  },
  "model": "masterfiles.position",
  "pk": "JUSA A"
},
{
  "fields": {
    "description": "TIMB. KETUA PEGAWAI EKSEKUTIF"
  },
  "model": "masterfiles.position",
  "pk": "JUSA B"
},
{
  "fields": {
    "description": "PENGARAH JABATAN / NEGERI"
  },
  "model": "masterfiles.position",
  "pk": "JUSA C"
},
{
  "fields": {
    "description": "PENGARAH JABTN-MEMANGKU"
  },
  "model": "masterfiles.position",
  "pk": "JUSA CM"
},
{
  "fields": {
    "description": "KETUA PEGAWAI EKSEKUTIF"
  },
  "model": "masterfiles.position",
  "pk": "TURUS 3"
}
]
