[
{
  "fields": {
    "description": "PEGAWAI EKSEKUTIF"
  },
  "model": "masterfiles.salarygroup",
  "pk": "EKS"
},
{
  "fields": {
    "description": "TIMBALAN KETUA PENGARAH"
  },
  "model": "masterfiles.salarygroup",
  "pk": "JA"
},
{
  "fields": {
    "description": "TIMBALAN KETUA PENGARAH"
  },
  "model": "masterfiles.salarygroup",
  "pk": "JB"
},
{
  "fields": {
    "description": "PENGARAH JABATAN / NEGERI"
  },
  "model": "masterfiles.salarygroup",
  "pk": "JC"
},
{
  "fields": {
    "description": "JUSA"
  },
  "model": "masterfiles.salarygroup",
  "pk": "JUS"
},
{
  "fields": {
    "description": "KONTRAK"
  },
  "model": "masterfiles.salarygroup",
  "pk": "K"
},
{
  "fields": {
    "description": "KUMPULAN SOKONGAN"
  },
  "model": "masterfiles.salarygroup",
  "pk": "KS"
},
{
  "fields": {
    "description": "KHAS UNTUK GAJI"
  },
  "model": "masterfiles.salarygroup",
  "pk": "KUG"
},
{
  "fields": {
    "description": "PEMBANTU AM"
  },
  "model": "masterfiles.salarygroup",
  "pk": "PAM"
},
{
  "fields": {
    "description": "PEMBANTU TADBIR"
  },
  "model": "masterfiles.salarygroup",
  "pk": "PBT"
},
{
  "fields": {
    "description": "PENOLONG JENTERA ELEKTRIK"
  },
  "model": "masterfiles.salarygroup",
  "pk": "PJE"
},
{
  "fields": {
    "description": "PENGURUSAN DAN PROFESIONAL"
  },
  "model": "masterfiles.salarygroup",
  "pk": "PNP"
},
{
  "fields": {
    "description": "PENGURUSAN PROFESIONAL"
  },
  "model": "masterfiles.salarygroup",
  "pk": "PP"
},
{
  "fields": {
    "description": "PENOLONG PEGAWAI EKSEKUTIF "
  },
  "model": "masterfiles.salarygroup",
  "pk": "PPE"
},
{
  "fields": {
    "description": "KUMPULAN PROFESIONAL KANAN"
  },
  "model": "masterfiles.salarygroup",
  "pk": "PPK"
},
{
  "fields": {
    "description": "PENGURUSAN TERTINGGI"
  },
  "model": "masterfiles.salarygroup",
  "pk": "PT"
},
{
  "fields": {
    "description": "SAMBILAN"
  },
  "model": "masterfiles.salarygroup",
  "pk": "S"
},
{
  "fields": {
    "description": "SOKONGAN"
  },
  "model": "masterfiles.salarygroup",
  "pk": "SOK"
},
{
  "fields": {
    "description": "KETUA PEGAWAI EKSEKUTIF / KETUA PENGARAH"
  },
  "model": "masterfiles.salarygroup",
  "pk": "T3"
}
]
