[
{
  "fields": {
    "ordering": 1,
    "code_type": "G",
    "description": "Gred 1"
  },
  "model": "masterfiles.gradelevelcategory",
  "pk": "1"
},
{
  "fields": {
    "ordering": 11,
    "code_type": "G",
    "description": "Gred 11"
  },
  "model": "masterfiles.gradelevelcategory",
  "pk": "11"
},
{
  "fields": {
    "ordering": 12,
    "code_type": "G",
    "description": "Gred 12"
  },
  "model": "masterfiles.gradelevelcategory",
  "pk": "12"
},
{
  "fields": {
    "ordering": 13,
    "code_type": "G",
    "description": "Gred 13"
  },
  "model": "masterfiles.gradelevelcategory",
  "pk": "13"
},
{
  "fields": {
    "ordering": 14,
    "code_type": "G",
    "description": "Gred 14"
  },
  "model": "masterfiles.gradelevelcategory",
  "pk": "14"
},
{
  "fields": {
    "ordering": 17,
    "code_type": "G",
    "description": "Gred 17"
  },
  "model": "masterfiles.gradelevelcategory",
  "pk": "17"
},
{
  "fields": {
    "ordering": 2,
    "code_type": "G",
    "description": "Gred 2"
  },
  "model": "masterfiles.gradelevelcategory",
  "pk": "2"
},
{
  "fields": {
    "ordering": 20,
    "code_type": "G",
    "description": "Gred 20"
  },
  "model": "masterfiles.gradelevelcategory",
  "pk": "20"
},
{
  "fields": {
    "ordering": 21,
    "code_type": "G",
    "description": "Gred 21"
  },
  "model": "masterfiles.gradelevelcategory",
  "pk": "21"
},
{
  "fields": {
    "ordering": 22,
    "code_type": "G",
    "description": "Gred 22"
  },
  "model": "masterfiles.gradelevelcategory",
  "pk": "22"
},
{
  "fields": {
    "ordering": 24,
    "code_type": "G",
    "description": "Gred 24"
  },
  "model": "masterfiles.gradelevelcategory",
  "pk": "24"
},
{
  "fields": {
    "ordering": 27,
    "code_type": "G",
    "description": "Gred 27"
  },
  "model": "masterfiles.gradelevelcategory",
  "pk": "27"
},
{
  "fields": {
    "ordering": 3,
    "code_type": "G",
    "description": "Gred 3"
  },
  "model": "masterfiles.gradelevelcategory",
  "pk": "3"
},
{
  "fields": {
    "ordering": 30,
    "code_type": "G",
    "description": "Gred 30"
  },
  "model": "masterfiles.gradelevelcategory",
  "pk": "30"
},
{
  "fields": {
    "ordering": 31,
    "code_type": "G",
    "description": "Gred 31"
  },
  "model": "masterfiles.gradelevelcategory",
  "pk": "31"
},
{
  "fields": {
    "ordering": 32,
    "code_type": "G",
    "description": "Gred 32"
  },
  "model": "masterfiles.gradelevelcategory",
  "pk": "32"
},
{
  "fields": {
    "ordering": 34,
    "code_type": "G",
    "description": "Gred 34"
  },
  "model": "masterfiles.gradelevelcategory",
  "pk": "34"
},
{
  "fields": {
    "ordering": 4,
    "code_type": "G",
    "description": "Gred 4"
  },
  "model": "masterfiles.gradelevelcategory",
  "pk": "4"
},
{
  "fields": {
    "ordering": 40,
    "code_type": "G",
    "description": "Gred 40"
  },
  "model": "masterfiles.gradelevelcategory",
  "pk": "40"
},
{
  "fields": {
    "ordering": 41,
    "code_type": "G",
    "description": "Gred 41"
  },
  "model": "masterfiles.gradelevelcategory",
  "pk": "41"
},
{
  "fields": {
    "ordering": 44,
    "code_type": "G",
    "description": "Gred 44"
  },
  "model": "masterfiles.gradelevelcategory",
  "pk": "44"
},
{
  "fields": {
    "ordering": 48,
    "code_type": "G",
    "description": "Gred 48"
  },
  "model": "masterfiles.gradelevelcategory",
  "pk": "48"
},
{
  "fields": {
    "ordering": 52,
    "code_type": "G",
    "description": "Gred 52"
  },
  "model": "masterfiles.gradelevelcategory",
  "pk": "52"
},
{
  "fields": {
    "ordering": 53,
    "code_type": "G",
    "description": "Gred 53"
  },
  "model": "masterfiles.gradelevelcategory",
  "pk": "53"
},
{
  "fields": {
    "ordering": 54,
    "code_type": "G",
    "description": "Gred 54"
  },
  "model": "masterfiles.gradelevelcategory",
  "pk": "54"
},
{
  "fields": {
    "ordering": 6,
    "code_type": "G",
    "description": "Gred 6"
  },
  "model": "masterfiles.gradelevelcategory",
  "pk": "6"
},
{
  "fields": {
    "ordering": 7,
    "code_type": "G",
    "description": "Gred 7"
  },
  "model": "masterfiles.gradelevelcategory",
  "pk": "7"
}
]
