[
{
  "fields": {
    "integrated_to_fs": false,
    "title": "qwqwq"
  },
  "model": "settings.workflowtemplate",
  "pk": 10
},
{
  "fields": {
    "integrated_to_fs": false,
    "title": "qwqwqq"
  },
  "model": "settings.workflowtemplate",
  "pk": 11
},
{
  "fields": {
    "integrated_to_fs": false,
    "title": "dfsdfds"
  },
  "model": "settings.workflowtemplate",
  "pk": 20
},
{
  "fields": {
    "integrated_to_fs": false,
    "title": "dfsdfdsx"
  },
  "model": "settings.workflowtemplate",
  "pk": 21
},
{
  "fields": {
    "integrated_to_fs": false,
    "title": "dfsdfdsxxxc"
  },
  "model": "settings.workflowtemplate",
  "pk": 22
},
{
  "fields": {
    "integrated_to_fs": false,
    "title": "tesstttt"
  },
  "model": "settings.workflowtemplate",
  "pk": 26
},
{
  "fields": {
    "integrated_to_fs": true,
    "title": "misc"
  },
  "model": "settings.workflowtemplate",
  "pk": 27
},
{
  "fields": {
    "integrated_to_fs": false,
    "title": "common"
  },
  "model": "settings.workflowtemplate",
  "pk": 28
},
{
  "fields": {
    "integrated_to_fs": false,
    "title": "HouseMoving"
  },
  "model": "settings.workflowtemplate",
  "pk": 29
},
{
  "fields": {
    "integrated_to_fs": false,
    "title": "local transfer"
  },
  "model": "settings.workflowtemplate",
  "pk": 30
},
{
  "fields": {
    "integrated_to_fs": false,
    "title": "misc adv"
  },
  "model": "settings.workflowtemplate",
  "pk": 31
}
]
