[
{
  "fields": {
    "is_enabled": true,
    "code": "LTC",
    "description": "",
    "title": "Local Travelling Claim",
    "prefix": "I",
    "is_advance": false,
    "template": null
  },
  "model": "claim.claimtype",
  "pk": 1
},
{
  "fields": {
    "is_enabled": true,
    "code": "OTC",
    "description": "",
    "title": "Oversea Travelling Claim",
    "prefix": "J",
    "is_advance": false,
    "template": null
  },
  "model": "claim.claimtype",
  "pk": 2
},
{
  "fields": {
    "is_enabled": true,
    "code": "LFC",
    "description": "",
    "title": "Local Transfer Claim",
    "prefix": "K",
    "is_advance": false,
    "template": 30
  },
  "model": "claim.claimtype",
  "pk": 3
},
{
  "fields": {
    "is_enabled": true,
    "code": "OFC",
    "description": "",
    "title": "Oversea Transfer Claim",
    "prefix": "L",
    "is_advance": false,
    "template": null
  },
  "model": "claim.claimtype",
  "pk": 4
},
{
  "fields": {
    "is_enabled": true,
    "code": "PC",
    "description": "",
    "title": "Petrol Claim",
    "prefix": "P",
    "is_advance": false,
    "template": null
  },
  "model": "claim.claimtype",
  "pk": 5
},
{
  "fields": {
    "is_enabled": true,
    "code": "LMED",
    "description": "",
    "title": "Local Medical Claim",
    "prefix": "M",
    "is_advance": false,
    "template": null
  },
  "model": "claim.claimtype",
  "pk": 6
},
{
  "fields": {
    "is_enabled": true,
    "code": "LDEN",
    "description": "",
    "title": "Local Dental Claim",
    "prefix": "N",
    "is_advance": false,
    "template": null
  },
  "model": "claim.claimtype",
  "pk": 7
},
{
  "fields": {
    "is_enabled": true,
    "code": "LMISC",
    "description": "",
    "title": "Local Misc Claim",
    "prefix": "O",
    "is_advance": false,
    "template": 27
  },
  "model": "claim.claimtype",
  "pk": 8
},
{
  "fields": {
    "is_enabled": true,
    "code": "PTL",
    "description": "",
    "title": "Part-Time Lecturer Claim",
    "prefix": "Q",
    "is_advance": false,
    "template": null
  },
  "model": "claim.claimtype",
  "pk": 9
},
{
  "fields": {
    "is_enabled": true,
    "code": "LC",
    "description": "",
    "title": "Lecture Claim",
    "prefix": "R",
    "is_advance": false,
    "template": 28
  },
  "model": "claim.claimtype",
  "pk": 10
},
{
  "fields": {
    "is_enabled": true,
    "code": "HM",
    "description": "",
    "title": "House Moving Claim",
    "prefix": "S",
    "is_advance": false,
    "template": 29
  },
  "model": "claim.claimtype",
  "pk": 11
},
{
  "fields": {
    "is_enabled": true,
    "code": "LMADV",
    "description": "",
    "title": "Local Misc Advance",
    "prefix": "C",
    "is_advance": true,
    "template": 31
  },
  "model": "claim.claimtype",
  "pk": 12
},
{
  "fields": {
    "is_enabled": true,
    "code": "LFADV",
    "description": "",
    "title": "Local Transfer Advance",
    "prefix": "E",
    "is_advance": true,
    "template": 26
  },
  "model": "claim.claimtype",
  "pk": 13
},
{
  "fields": {
    "is_enabled": true,
    "code": "LEADV",
    "description": "",
    "title": "Local Entertainment Advance",
    "prefix": "G",
    "is_advance": true,
    "template": null
  },
  "model": "claim.claimtype",
  "pk": 14
},
{
  "fields": {
    "is_enabled": true,
    "code": "LTADV",
    "description": "",
    "title": "Local Travelling Advance",
    "prefix": "A",
    "is_advance": true,
    "template": null
  },
  "model": "claim.claimtype",
  "pk": 15
},
{
  "fields": {
    "is_enabled": true,
    "code": "OMADV",
    "description": "",
    "title": "Oversea Misc Advance",
    "prefix": "D",
    "is_advance": true,
    "template": 31
  },
  "model": "claim.claimtype",
  "pk": 16
},
{
  "fields": {
    "is_enabled": true,
    "code": "OFADV",
    "description": "",
    "title": "Oversea Transfer Advance",
    "prefix": "F",
    "is_advance": true,
    "template": null
  },
  "model": "claim.claimtype",
  "pk": 17
},
{
  "fields": {
    "is_enabled": true,
    "code": "OEADV",
    "description": "",
    "title": "Oversea Entertainment Advance",
    "prefix": "H",
    "is_advance": true,
    "template": null
  },
  "model": "claim.claimtype",
  "pk": 18
},
{
  "fields": {
    "is_enabled": true,
    "code": "OTADV",
    "description": "",
    "title": "Oversea Travelling Advance",
    "prefix": "B",
    "is_advance": true,
    "template": null
  },
  "model": "claim.claimtype",
  "pk": 19
},
{
  "fields": {
    "is_enabled": true,
    "code": "OMED",
    "description": "",
    "title": "Oversea Medical Claim",
    "prefix": "T",
    "is_advance": false,
    "template": null
  },
  "model": "claim.claimtype",
  "pk": 20
},
{
  "fields": {
    "is_enabled": true,
    "code": "ODEN",
    "description": "",
    "title": "Oversea Dental Claim",
    "prefix": "U",
    "is_advance": false,
    "template": null
  },
  "model": "claim.claimtype",
  "pk": 21
},
{
  "fields": {
    "is_enabled": true,
    "code": "OMISC",
    "description": "",
    "title": "Oversea Misc Claim",
    "prefix": "V",
    "is_advance": false,
    "template": 27
  },
  "model": "claim.claimtype",
  "pk": 22
}
]
