[
{
  "fields": {
    "grand_total": "0.00",
    "claim_no": "",
    "modified": "2016-04-01T07:44:11.385Z",
    "created_by": null,
    "created": "2016-04-01T07:44:11.286Z"
  },
  "model": "advance.miscadvancedraft",
  "pk": 1
},
{
  "fields": {
    "grand_total": "0.00",
    "claim_no": "",
    "modified": "2016-04-01T07:46:27.846Z",
    "created_by": null,
    "created": "2016-04-01T07:46:27.845Z"
  },
  "model": "advance.miscadvancedraft",
  "pk": 2
},
{
  "fields": {
    "grand_total": "0.00",
    "claim_no": "",
    "modified": "2016-04-01T07:47:18.072Z",
    "created_by": null,
    "created": "2016-04-01T07:47:18.072Z"
  },
  "model": "advance.miscadvancedraft",
  "pk": 3
},
{
  "fields": {
    "grand_total": "0.00",
    "claim_no": "",
    "modified": "2016-04-01T07:49:16.206Z",
    "created_by": [
      "551212-10-6175"
    ],
    "created": "2016-04-01T07:49:16.206Z"
  },
  "model": "advance.miscadvancedraft",
  "pk": 4
},
{
  "fields": {
    "grand_total": "0.00",
    "claim_no": "",
    "modified": "2016-04-06T07:58:20.533Z",
    "created_by": [
      "551212-10-6175"
    ],
    "created": "2016-04-06T07:58:20.533Z"
  },
  "model": "advance.miscadvancedraft",
  "pk": 5
},
{
  "fields": {
    "grand_total": "0.00",
    "claim_no": "",
    "modified": "2016-04-08T02:48:10.999Z",
    "created_by": [
      "551212-10-6175"
    ],
    "created": "2016-04-08T02:48:10.871Z"
  },
  "model": "advance.miscadvancedraft",
  "pk": 6
},
{
  "fields": {
    "grand_total": "0.00",
    "claim_no": "",
    "modified": "2016-04-08T03:08:28.371Z",
    "created_by": [
      "551212-10-6175"
    ],
    "created": "2016-04-08T03:08:28.370Z"
  },
  "model": "advance.miscadvancedraft",
  "pk": 7
},
{
  "fields": {
    "grand_total": "0.00",
    "claim_no": "",
    "modified": "2016-04-08T10:11:54.133Z",
    "created_by": [
      "551212-10-6175"
    ],
    "created": "2016-04-08T10:11:54.133Z"
  },
  "model": "advance.miscadvancedraft",
  "pk": 8
},
{
  "fields": {
    "grand_total": "0.00",
    "claim_no": "",
    "modified": "2016-04-08T10:14:03.891Z",
    "created_by": [
      "551212-10-6175"
    ],
    "created": "2016-04-08T10:14:03.891Z"
  },
  "model": "advance.miscadvancedraft",
  "pk": 9
},
{
  "fields": {
    "grand_total": "0.00",
    "claim_no": "",
    "modified": "2016-04-15T03:19:33.860Z",
    "created_by": [
      "551212-10-6175"
    ],
    "created": "2016-04-15T03:19:33.859Z"
  },
  "model": "advance.miscadvancedraft",
  "pk": 10
},
{
  "fields": {
    "grand_total": "0.00",
    "claim_no": "",
    "modified": "2016-04-15T03:19:52.937Z",
    "created_by": [
      "551212-10-6175"
    ],
    "created": "2016-04-15T03:19:52.936Z"
  },
  "model": "advance.miscadvancedraft",
  "pk": 11
},
{
  "fields": {
    "grand_total": "0.00",
    "claim_no": "",
    "modified": "2016-04-22T07:28:53.809Z",
    "created_by": [
      "551212-10-6175"
    ],
    "created": "2016-04-22T07:28:53.809Z"
  },
  "model": "advance.miscadvancedraft",
  "pk": 12
}
]
