[
{
  "fields": {
    "grand_total": "868.00",
    "misc_advance_draft": 5,
    "created": "2016-04-22T07:26:33.786Z",
    "country": null,
    "date_from": "2016-03-31",
    "currency_rate": "0.000000",
    "modified": null,
    "created_by": null,
    "price": "434.00",
    "fund_type": "M",
    "reason": "asdas",
    "purpose": "qwe",
    "item": "asd",
    "date_to": "2016-04-14",
    "total": "868.00",
    "currency_type": null,
    "project_code": "",
    "quantity": "2.0"
  },
  "model": "advance.miscadvanceitemdraft",
  "pk": 1
},
{
  "fields": {
    "grand_total": "108.00",
    "misc_advance_draft": 6,
    "created": "2016-04-22T07:26:33.786Z",
    "country": null,
    "date_from": "2016-04-06",
    "currency_rate": "0.000000",
    "modified": null,
    "created_by": null,
    "price": "54.00",
    "fund_type": "M",
    "reason": "asdas",
    "purpose": "qweqw",
    "item": "trt",
    "date_to": "2016-04-15",
    "total": "108.00",
    "currency_type": null,
    "project_code": "",
    "quantity": "2.0"
  },
  "model": "advance.miscadvanceitemdraft",
  "pk": 2
},
{
  "fields": {
    "grand_total": "688.00",
    "misc_advance_draft": 7,
    "created": "2016-04-22T07:26:33.786Z",
    "country": null,
    "date_from": "2016-04-06",
    "currency_rate": "0.000000",
    "modified": null,
    "created_by": null,
    "price": "344.00",
    "fund_type": "M",
    "reason": "qwdz",
    "purpose": "trest",
    "item": "zxcxz",
    "date_to": "2016-04-10",
    "total": "688.00",
    "currency_type": null,
    "project_code": "",
    "quantity": "2.0"
  },
  "model": "advance.miscadvanceitemdraft",
  "pk": 3
},
{
  "fields": {
    "grand_total": "2258.00",
    "misc_advance_draft": 8,
    "created": "2016-04-22T07:26:33.786Z",
    "country": null,
    "date_from": "2016-04-06",
    "currency_rate": "0.000000",
    "modified": null,
    "created_by": null,
    "price": "343.00",
    "fund_type": "M",
    "reason": "wqewq",
    "purpose": "asdas",
    "item": "qwe",
    "date_to": "2016-04-15",
    "total": "686.00",
    "currency_type": null,
    "project_code": "",
    "quantity": "2.0"
  },
  "model": "advance.miscadvanceitemdraft",
  "pk": 4
},
{
  "fields": {
    "grand_total": "2258.00",
    "misc_advance_draft": 8,
    "created": "2016-04-22T07:26:33.786Z",
    "country": null,
    "date_from": "2016-03-30",
    "currency_rate": "0.000000",
    "modified": null,
    "created_by": null,
    "price": "544.00",
    "fund_type": "P",
    "reason": "sadas",
    "purpose": "qwewq",
    "item": "123",
    "date_to": "2016-04-12",
    "total": "1088.00",
    "currency_type": null,
    "project_code": "",
    "quantity": "2.0"
  },
  "model": "advance.miscadvanceitemdraft",
  "pk": 5
},
{
  "fields": {
    "grand_total": "2258.00",
    "misc_advance_draft": 8,
    "created": "2016-04-22T07:26:33.786Z",
    "country": null,
    "date_from": "2016-03-30",
    "currency_rate": "0.000000",
    "modified": null,
    "created_by": null,
    "price": "121.00",
    "fund_type": "P",
    "reason": "sads",
    "purpose": "qwe",
    "item": "asd",
    "date_to": "2016-04-28",
    "total": "484.00",
    "currency_type": null,
    "project_code": "",
    "quantity": "4.0"
  },
  "model": "advance.miscadvanceitemdraft",
  "pk": 6
},
{
  "fields": {
    "grand_total": "2258.00",
    "misc_advance_draft": 9,
    "created": "2016-04-22T07:26:33.786Z",
    "country": null,
    "date_from": "2016-04-06",
    "currency_rate": "0.000000",
    "modified": null,
    "created_by": null,
    "price": "343.00",
    "fund_type": "M",
    "reason": "wqewq",
    "purpose": "asdas",
    "item": "qwe",
    "date_to": "2016-04-15",
    "total": "686.00",
    "currency_type": null,
    "project_code": "",
    "quantity": "2.0"
  },
  "model": "advance.miscadvanceitemdraft",
  "pk": 7
},
{
  "fields": {
    "grand_total": "2258.00",
    "misc_advance_draft": 9,
    "created": "2016-04-22T07:26:33.786Z",
    "country": null,
    "date_from": "2016-03-30",
    "currency_rate": "0.000000",
    "modified": null,
    "created_by": null,
    "price": "544.00",
    "fund_type": "P",
    "reason": "sadas",
    "purpose": "qwewq",
    "item": "123",
    "date_to": "2016-04-12",
    "total": "1088.00",
    "currency_type": null,
    "project_code": "",
    "quantity": "2.0"
  },
  "model": "advance.miscadvanceitemdraft",
  "pk": 8
},
{
  "fields": {
    "grand_total": "2258.00",
    "misc_advance_draft": 9,
    "created": "2016-04-22T07:26:33.786Z",
    "country": null,
    "date_from": "2016-03-30",
    "currency_rate": "0.000000",
    "modified": null,
    "created_by": null,
    "price": "121.00",
    "fund_type": "P",
    "reason": "sads",
    "purpose": "qwe",
    "item": "asd",
    "date_to": "2016-04-28",
    "total": "484.00",
    "currency_type": null,
    "project_code": "",
    "quantity": "4.0"
  },
  "model": "advance.miscadvanceitemdraft",
  "pk": 9
},
{
  "fields": {
    "grand_total": "68.00",
    "misc_advance_draft": 11,
    "created": "2016-04-22T07:26:33.786Z",
    "country": null,
    "date_from": "2016-04-12",
    "currency_rate": "0.000000",
    "modified": null,
    "created_by": null,
    "price": "34.00",
    "fund_type": "M",
    "reason": "asdsa",
    "purpose": "wqedqw",
    "item": "asd",
    "date_to": "2016-04-17",
    "total": "68.00",
    "currency_type": null,
    "project_code": "",
    "quantity": "2.0"
  },
  "model": "advance.miscadvanceitemdraft",
  "pk": 10
},
{
  "fields": {
    "grand_total": "92.00",
    "misc_advance_draft": 12,
    "created": "2016-04-22T07:28:53.851Z",
    "country": null,
    "date_from": "2016-04-06",
    "currency_rate": "0.000000",
    "modified": "2016-04-22T07:28:53.855Z",
    "created_by": null,
    "price": "23.00",
    "fund_type": "M",
    "reason": "zxczxc",
    "purpose": "qweqw",
    "item": "qwe",
    "date_to": "2016-04-13",
    "total": "92.00",
    "currency_type": null,
    "project_code": "",
    "quantity": "4.0"
  },
  "model": "advance.miscadvanceitemdraft",
  "pk": 11
}
]
